Transaction Date,Posting Date,Transaction ID,Merchant,Category,Amount,Card Number
2023-01-01,2023-01-01,TXN6543670,Walmart,Groceries,38.36,**** **** **** 1514
2023-01-01,2023-01-03,TXN2785277,Exxon,Gas,382.17,**** **** **** 9317
2023-01-01,2023-01-03,TXN5682940,Uber,Travel,167.49,**** **** **** 2137
2023-01-02,2023-01-02,TXN8640615,Health Clinic,Healthcare,425.62,**** **** **** 2193
2023-01-02,2023-01-04,TXN4305700,Comcast,Utilities,262.36,**** **** **** 9821
2023-01-03,2023-01-04,TXN1728977,McDonalds,Dining,424.51,**** **** **** 5333
2023-01-03,2023-01-05,TXN1666754,Chipotle,Dining,204.87,**** **** **** 5033
2023-01-03,2023-01-05,TXN3219824,Uber,Travel,336.14,**** **** **** 4510
2023-01-03,2023-01-05,TXN3484601,AMC Theaters,Entertainment,22.83,**** **** **** 7049
2023-01-04,2023-01-04,TXN1908841,PG&E,Utilities,214.67,**** **** **** 8651
2023-01-04,2023-01-04,TXN2458591,Shell,Gas,115.49,**** **** **** 2679
2023-01-04,2023-01-04,TXN6752576,Spotify,Entertainment,144.47,**** **** **** 4450
2023-01-04,2023-01-06,TXN8321474,PG&E,Utilities,365.63,**** **** **** 6139
2023-01-05,2023-01-06,TXN8159521,Ebay,Online Shopping,308.26,**** **** **** 9270
2023-01-05,2023-01-06,TXN8351517,Chipotle,Dining,187.92,**** **** **** 3584
2023-01-06,2023-01-08,TXN2876932,Health Clinic,Healthcare,354.31,**** **** **** 1158
2023-01-06,2023-01-08,TXN4731818,Pizza Hut,Dining,436.72,**** **** **** 8711
2023-01-07,2023-01-08,TXN4740036,Ebay,Online Shopping,411.17,**** **** **** 4728
2023-01-07,2023-01-08,TXN6049101,Verizon,Utilities,375.33,**** **** **** 3851
2023-01-07,2023-01-09,TXN2548511,Exxon,Gas,246.82,**** **** **** 1832
2023-01-07,2023-01-09,TXN3592974,Airbnb,Travel,55.88,**** **** **** 7658
2023-01-08,2023-01-08,TXN3564251,CVS Pharmacy,Healthcare,379.11,**** **** **** 2796
2023-01-08,2023-01-08,TXN3950888,Walmart,Groceries,390.32,**** **** **** 4585
2023-01-08,2023-01-08,TXN4078418,Airbnb,Travel,227.06,**** **** **** 7912
2023-01-08,2023-01-08,TXN4694634,McDonalds,Dining,15.41,**** **** **** 4770
2023-01-08,2023-01-09,TXN8090293,Shell,Gas,380.61,**** **** **** 3615
2023-01-08,2023-01-10,TXN7073292,Exxon,Gas,294.37,**** **** **** 7543
2023-01-09,2023-01-09,TXN4567281,Airbnb,Travel,438.80,**** **** **** 6155
2023-01-09,2023-01-09,TXN5606980,Exxon,Gas,244.88,**** **** **** 4919
2023-01-09,2023-01-10,TXN1848731,Delta Airlines,Travel,224.35,**** **** **** 2604
2023-01-09,2023-01-11,TXN6229731,Comcast,Utilities,464.81,**** **** **** 4295
2023-01-11,2023-01-12,TXN2714803,Netflix,Entertainment,478.82,**** **** **** 6514
2023-01-12,2023-01-12,TXN2876828,Trader Joes,Groceries,165.46,**** **** **** 1319
2023-01-12,2023-01-13,TXN3871230,Airbnb,Travel,137.15,**** **** **** 2169
2023-01-12,2023-01-13,TXN6038571,McDonalds,Dining,313.46,**** **** **** 3041
2023-01-12,2023-01-14,TXN6555772,Verizon,Utilities,490.67,**** **** **** 9785
2023-01-13,2023-01-13,TXN1156287,Chevron,Gas,161.51,**** **** **** 2188
2023-01-13,2023-01-13,TXN5785687,PG&E,Utilities,463.63,**** **** **** 8454
2023-01-13,2023-01-15,TXN3030113,Ebay,Online Shopping,450.31,**** **** **** 8397
2023-01-13,2023-01-15,TXN6406444,Costco,Groceries,147.02,**** **** **** 8043
2023-01-14,2023-01-14,TXN7003042,Costco,Groceries,185.50,**** **** **** 1653
2023-01-14,2023-01-15,TXN3762152,CVS Pharmacy,Healthcare,433.00,**** **** **** 1960
2023-01-14,2023-01-16,TXN1981186,CVS Pharmacy,Healthcare,99.00,**** **** **** 4566
2023-01-14,2023-01-16,TXN7705062,Airbnb,Travel,349.70,**** **** **** 9099
2023-01-15,2023-01-15,TXN2351868,Shell,Gas,139.50,**** **** **** 6238
2023-01-15,2023-01-16,TXN3846949,Health Clinic,Healthcare,110.78,**** **** **** 8752
2023-01-15,2023-01-17,TXN5449324,Starbucks,Dining,271.13,**** **** **** 9288
2023-01-17,2023-01-18,TXN3135534,PG&E,Utilities,204.19,**** **** **** 5844
2023-01-17,2023-01-18,TXN5476583,Trader Joes,Groceries,361.76,**** **** **** 9797
2023-01-17,2023-01-19,TXN4117625,Netflix,Entertainment,480.59,**** **** **** 2312
2023-01-18,2023-01-20,TXN4684531,Delta Airlines,Travel,233.82,**** **** **** 5422
2023-01-19,2023-01-19,TXN2338687,Starbucks,Dining,332.33,**** **** **** 5741
2023-01-19,2023-01-20,TXN9478454,Walmart,Groceries,51.38,**** **** **** 4811
2023-01-19,2023-01-21,TXN8999183,Trader Joes,Groceries,160.23,**** **** **** 1821
2023-01-20,2023-01-20,TXN6307805,Verizon,Utilities,293.92,**** **** **** 9565
2023-01-20,2023-01-20,TXN8038374,Airbnb,Travel,326.69,**** **** **** 9928
2023-01-20,2023-01-22,TXN5273534,Pizza Hut,Dining,450.25,**** **** **** 4114
2023-01-21,2023-01-21,TXN8852574,Verizon,Utilities,36.45,**** **** **** 7252
2023-01-21,2023-01-22,TXN3342608,Verizon,Utilities,232.13,**** **** **** 5339
2023-01-21,2023-01-22,TXN5394880,Shell,Gas,6.76,**** **** **** 3143
2023-01-21,2023-01-23,TXN3790237,Walmart,Groceries,463.55,**** **** **** 4872
2023-01-22,2023-01-22,TXN2566777,Exxon,Gas,333.61,**** **** **** 6491
2023-01-22,2023-01-23,TXN7730428,Walmart,Groceries,411.79,**** **** **** 6168
2023-01-22,2023-01-24,TXN2833230,Starbucks,Dining,204.30,**** **** **** 6559
2023-01-22,2023-01-24,TXN5437001,Exxon,Gas,56.28,**** **** **** 3200
2023-01-24,2023-01-25,TXN3770370,Chipotle,Dining,68.55,**** **** **** 8787
2023-01-24,2023-01-25,TXN5476257,Verizon,Utilities,432.71,**** **** **** 5065
2023-01-24,2023-01-25,TXN7067228,Pizza Hut,Dining,44.01,**** **** **** 5803
2023-01-24,2023-01-26,TXN4194548,CVS Pharmacy,Healthcare,393.39,**** **** **** 7669
2023-01-25,2023-01-27,TXN8612220,Amazon,Online Shopping,150.28,**** **** **** 3591
2023-01-26,2023-01-28,TXN8658158,CVS Pharmacy,Healthcare,280.92,**** **** **** 2988
2023-01-27,2023-01-27,TXN1409790,Shell,Gas,404.25,**** **** **** 3414
2023-01-27,2023-01-29,TXN1131249,Exxon,Gas,492.01,**** **** **** 9666
2023-01-27,2023-01-29,TXN8550917,CVS Pharmacy,Healthcare,373.11,**** **** **** 8777
2023-01-28,2023-01-28,TXN3728882,Pizza Hut,Dining,142.60,**** **** **** 6977
2023-01-28,2023-01-30,TXN3564217,Exxon,Gas,256.29,**** **** **** 4258
2023-01-30,2023-01-30,TXN4009172,Netflix,Entertainment,441.30,**** **** **** 1406
2023-01-30,2023-01-31,TXN2437026,Shell,Gas,33.67,**** **** **** 2290
2023-01-30,2023-01-31,TXN5456272,Airbnb,Travel,359.51,**** **** **** 4910
2023-01-31,2023-01-31,TXN1641849,McDonalds,Dining,93.39,**** **** **** 5349
2023-02-02,2023-02-02,TXN2194198,Exxon,Gas,144.95,**** **** **** 8438
2023-02-02,2023-02-02,TXN2721135,Exxon,Gas,472.32,**** **** **** 9042
2023-02-02,2023-02-03,TXN9250138,CVS Pharmacy,Healthcare,411.95,**** **** **** 7565
2023-02-03,2023-02-03,TXN8367772,Spotify,Entertainment,299.55,**** **** **** 5728
2023-02-03,2023-02-05,TXN2429098,Walmart,Groceries,78.85,**** **** **** 5978
2023-02-04,2023-02-05,TXN9396529,Exxon,Gas,204.24,**** **** **** 5460
2023-02-04,2023-02-06,TXN3386328,Airbnb,Travel,78.75,**** **** **** 5352
2023-02-05,2023-02-05,TXN2077581,Verizon,Utilities,80.64,**** **** **** 4505
2023-02-06,2023-02-08,TXN8885465,Verizon,Utilities,408.05,**** **** **** 2494
2023-02-08,2023-02-08,TXN9767312,Verizon,Utilities,300.08,**** **** **** 4697
2023-02-08,2023-02-09,TXN8939993,Uber,Travel,333.66,**** **** **** 7046
2023-02-10,2023-02-10,TXN7654757,Costco,Groceries,290.02,**** **** **** 7149
2023-02-11,2023-02-11,TXN5638893,Netflix,Entertainment,112.11,**** **** **** 8933
2023-02-11,2023-02-11,TXN5668371,Walgreens,Healthcare,172.06,**** **** **** 7211
2023-02-12,2023-02-12,TXN4344717,Starbucks,Dining,378.35,**** **** **** 5051
2023-02-12,2023-02-12,TXN5602180,Shell,Gas,355.47,**** **** **** 3073
2023-02-13,2023-02-14,TXN6123430,Walgreens,Healthcare,430.78,**** **** **** 8025
2023-02-14,2023-02-15,TXN4470105,Etsy,Online Shopping,235.63,**** **** **** 2020
2023-02-14,2023-02-15,TXN9753457,Health Clinic,Healthcare,80.73,**** **** **** 3885
2023-02-15,2023-02-17,TXN3747534,Chevron,Gas,88.06,**** **** **** 2876
2023-02-16,2023-02-16,TXN1170307,Ebay,Online Shopping,173.47,**** **** **** 5526
2023-02-16,2023-02-16,TXN4700025,Ebay,Online Shopping,377.97,**** **** **** 7865
2023-02-16,2023-02-16,TXN6639317,Chevron,Gas,245.39,**** **** **** 7371
2023-02-17,2023-02-17,TXN5031966,Chipotle,Dining,361.44,**** **** **** 9004
2023-02-17,2023-02-19,TXN2770648,Amazon,Online Shopping,425.54,**** **** **** 9031
2023-02-18,2023-02-18,TXN5886520,Netflix,Entertainment,207.22,**** **** **** 8699
2023-02-18,2023-02-19,TXN6407658,CVS Pharmacy,Healthcare,301.03,**** **** **** 8078
2023-02-18,2023-02-20,TXN6902401,Ebay,Online Shopping,498.33,**** **** **** 6419
2023-02-19,2023-02-19,TXN5666692,Spotify,Entertainment,261.89,**** **** **** 8245
2023-02-19,2023-02-21,TXN4050766,PG&E,Utilities,19.21,**** **** **** 6325
2023-02-19,2023-02-21,TXN4486102,Trader Joes,Groceries,480.25,**** **** **** 2625
2023-02-20,2023-02-21,TXN5521644,Walmart,Groceries,118.32,**** **** **** 1339
2023-02-20,2023-02-22,TXN2408404,Costco,Groceries,297.99,**** **** **** 1444
2023-02-21,2023-02-21,TXN3916107,Exxon,Gas,45.19,**** **** **** 4929
2023-02-21,2023-02-22,TXN6407373,Walgreens,Healthcare,220.61,**** **** **** 5397
2023-02-21,2023-02-22,TXN7360307,Spotify,Entertainment,94.96,**** **** **** 5262
2023-02-22,2023-02-22,TXN8132648,Exxon,Gas,296.95,**** **** **** 4241
2023-02-22,2023-02-24,TXN3141239,Verizon,Utilities,86.70,**** **** **** 8657
2023-02-23,2023-02-23,TXN3030966,Chipotle,Dining,55.44,**** **** **** 5941
2023-02-23,2023-02-24,TXN4231028,Chevron,Gas,129.44,**** **** **** 2976
2023-02-23,2023-02-24,TXN5936453,Walgreens,Healthcare,397.50,**** **** **** 2524
2023-02-24,2023-02-26,TXN4816534,Shell,Gas,417.15,**** **** **** 5853
2023-02-25,2023-02-26,TXN1873851,Shell,Gas,237.80,**** **** **** 9837
2023-02-26,2023-02-28,TXN2156902,Costco,Groceries,268.71,**** **** **** 7071
2023-02-27,2023-02-27,TXN4656838,Netflix,Entertainment,67.48,**** **** **** 2874
2023-02-27,2023-02-28,TXN7381734,Verizon,Utilities,473.30,**** **** **** 1320
2023-02-28,2023-02-28,TXN4093109,Chevron,Gas,241.96,**** **** **** 6582
2023-02-28,2023-02-28,TXN8796514,McDonalds,Dining,441.41,**** **** **** 4995
2023-03-01,2023-03-01,TXN9826250,Shell,Gas,67.75,**** **** **** 7897
2023-03-02,2023-03-03,TXN2538024,Shell,Gas,484.26,**** **** **** 8450
2023-03-03,2023-03-04,TXN5195951,Etsy,Online Shopping,153.08,**** **** **** 7951
2023-03-03,2023-03-04,TXN7183841,Costco,Groceries,270.60,**** **** **** 8451
2023-03-04,2023-03-06,TXN9610704,Pizza Hut,Dining,226.90,**** **** **** 6931
2023-03-05,2023-03-05,TXN2630611,Costco,Groceries,497.98,**** **** **** 2902
2023-03-06,2023-03-06,TXN9349470,Pizza Hut,Dining,311.76,**** **** **** 4945
2023-03-06,2023-03-08,TXN5921894,Shell,Gas,27.77,**** **** **** 1919
2023-03-08,2023-03-08,TXN9361353,CVS Pharmacy,Healthcare,325.62,**** **** **** 3522
2023-03-08,2023-03-10,TXN8031780,Spotify,Entertainment,229.55,**** **** **** 9850
2023-03-09,2023-03-10,TXN8857296,Exxon,Gas,435.85,**** **** **** 2886
2023-03-09,2023-03-11,TXN3650391,Costco,Groceries,451.10,**** **** **** 9955
2023-03-10,2023-03-11,TXN8151684,Walmart,Groceries,499.30,**** **** **** 7580
2023-03-11,2023-03-12,TXN8159911,PG&E,Utilities,366.16,**** **** **** 6120
2023-03-11,2023-03-13,TXN6455706,Netflix,Entertainment,67.46,**** **** **** 9984
2023-03-12,2023-03-13,TXN4020853,Comcast,Utilities,125.88,**** **** **** 7751
2023-03-13,2023-03-15,TXN1368085,Etsy,Online Shopping,151.46,**** **** **** 5837
2023-03-13,2023-03-15,TXN2663938,Chevron,Gas,255.25,**** **** **** 8048
2023-03-14,2023-03-15,TXN6533187,Etsy,Online Shopping,56.78,**** **** **** 3634
2023-03-14,2023-03-16,TXN1615675,Walgreens,Healthcare,332.98,**** **** **** 7561
2023-03-15,2023-03-15,TXN9633492,Ebay,Online Shopping,165.02,**** **** **** 7622
2023-03-15,2023-03-16,TXN4918527,Airbnb,Travel,123.21,**** **** **** 7274
2023-03-15,2023-03-16,TXN4979651,Uber,Travel,427.40,**** **** **** 2747
2023-03-16,2023-03-16,TXN9526867,Health Clinic,Healthcare,76.60,**** **** **** 4122
2023-03-16,2023-03-17,TXN6512415,Etsy,Online Shopping,347.89,**** **** **** 2315
2023-03-17,2023-03-18,TXN2255409,Trader Joes,Groceries,76.36,**** **** **** 3529
2023-03-19,2023-03-19,TXN9748499,Health Clinic,Healthcare,114.67,**** **** **** 1710
2023-03-19,2023-03-21,TXN7847048,Spotify,Entertainment,329.19,**** **** **** 9017
2023-03-20,2023-03-20,TXN4816586,Airbnb,Travel,343.78,**** **** **** 5708
2023-03-20,2023-03-21,TXN3198037,CVS Pharmacy,Healthcare,105.76,**** **** **** 9998
2023-03-20,2023-03-21,TXN6183033,AMC Theaters,Entertainment,53.10,**** **** **** 1645
2023-03-21,2023-03-21,TXN2957497,Health Clinic,Healthcare,154.58,**** **** **** 7689
2023-03-22,2023-03-22,TXN2355439,Health Clinic,Healthcare,455.30,**** **** **** 2204
2023-03-22,2023-03-22,TXN3112652,Walmart,Groceries,394.46,**** **** **** 4990
2023-03-22,2023-03-22,TXN4713925,CVS Pharmacy,Healthcare,311.68,**** **** **** 6374
2023-03-22,2023-03-22,TXN6431983,Netflix,Entertainment,182.33,**** **** **** 4898
2023-03-22,2023-03-24,TXN2817745,Exxon,Gas,193.61,**** **** **** 7086
2023-03-22,2023-03-24,TXN9427047,Spotify,Entertainment,482.59,**** **** **** 3068
2023-03-23,2023-03-23,TXN2563790,Exxon,Gas,11.77,**** **** **** 7684
2023-03-24,2023-03-24,TXN6702160,McDonalds,Dining,387.47,**** **** **** 7798
2023-03-24,2023-03-24,TXN8443690,Comcast,Utilities,381.38,**** **** **** 2646
2023-03-26,2023-03-27,TXN2512187,Trader Joes,Groceries,185.61,**** **** **** 3153
2023-03-26,2023-03-28,TXN3760597,Etsy,Online Shopping,253.39,**** **** **** 5465
2023-03-26,2023-03-28,TXN4623062,Delta Airlines,Travel,415.76,**** **** **** 4394
2023-03-26,2023-03-28,TXN7942639,Chipotle,Dining,217.88,**** **** **** 4743
2023-03-27,2023-03-27,TXN5651899,Amazon,Online Shopping,395.38,**** **** **** 1046
2023-03-27,2023-03-27,TXN7069650,Walgreens,Healthcare,31.83,**** **** **** 9494
2023-03-27,2023-03-28,TXN4189885,Airbnb,Travel,401.96,**** **** **** 4588
2023-03-27,2023-03-29,TXN9333700,PG&E,Utilities,9.01,**** **** **** 1803
2023-03-28,2023-03-28,TXN2844258,AMC Theaters,Entertainment,129.07,**** **** **** 3858
2023-03-28,2023-03-28,TXN7328534,Health Clinic,Healthcare,244.75,**** **** **** 6446
2023-03-28,2023-03-29,TXN7477326,Costco,Groceries,373.63,**** **** **** 7246
2023-03-28,2023-03-30,TXN1602286,PG&E,Utilities,315.27,**** **** **** 8994
2023-03-30,2023-03-31,TXN3217273,Etsy,Online Shopping,210.67,**** **** **** 4289
2023-03-30,2023-03-31,TXN5014745,Health Clinic,Healthcare,244.93,**** **** **** 1472
2023-03-30,2023-04-01,TXN8710313,Netflix,Entertainment,233.27,**** **** **** 5161
2023-03-30,2023-04-01,TXN9094999,Exxon,Gas,354.18,**** **** **** 7807
2023-03-30,2023-04-01,TXN9214801,Shell,Gas,145.01,**** **** **** 5891
2023-03-31,2023-03-31,TXN7017548,Amazon,Online Shopping,490.56,**** **** **** 7018
2023-03-31,2023-03-31,TXN7136687,Netflix,Entertainment,430.77,**** **** **** 7511
2023-03-31,2023-04-01,TXN8460758,Trader Joes,Groceries,188.41,**** **** **** 8264
2023-03-31,2023-04-02,TXN2672884,Amazon,Online Shopping,437.72,**** **** **** 8213
2023-04-01,2023-04-03,TXN1026245,Airbnb,Travel,76.07,**** **** **** 8032
2023-04-02,2023-04-02,TXN9507186,Ebay,Online Shopping,42.98,**** **** **** 2479
2023-04-02,2023-04-03,TXN5780297,Etsy,Online Shopping,361.19,**** **** **** 8277
2023-04-03,2023-04-03,TXN3182975,Pizza Hut,Dining,52.80,**** **** **** 7105
2023-04-03,2023-04-04,TXN3820798,Exxon,Gas,173.06,**** **** **** 6456
2023-04-03,2023-04-04,TXN9790632,Chipotle,Dining,220.66,**** **** **** 7560
2023-04-03,2023-04-05,TXN3163449,Spotify,Entertainment,158.56,**** **** **** 7421
2023-04-03,2023-04-05,TXN6890476,Chipotle,Dining,453.43,**** **** **** 6724
2023-04-04,2023-04-04,TXN7378822,Health Clinic,Healthcare,218.17,**** **** **** 3116
2023-04-04,2023-04-05,TXN8043503,Uber,Travel,65.31,**** **** **** 4906
2023-04-04,2023-04-06,TXN6592886,PG&E,Utilities,129.74,**** **** **** 3463
2023-04-05,2023-04-05,TXN8342941,AMC Theaters,Entertainment,386.69,**** **** **** 3712
2023-04-05,2023-04-06,TXN5608259,Pizza Hut,Dining,223.89,**** **** **** 5961
2023-04-06,2023-04-07,TXN3403361,Chevron,Gas,178.76,**** **** **** 3972
2023-04-06,2023-04-08,TXN8113787,Trader Joes,Groceries,45.38,**** **** **** 8259
2023-04-06,2023-04-08,TXN8783840,AMC Theaters,Entertainment,42.30,**** **** **** 9095
2023-04-07,2023-04-08,TXN6504979,Delta Airlines,Travel,383.26,**** **** **** 5742
2023-04-08,2023-04-08,TXN9517619,Netflix,Entertainment,151.42,**** **** **** 2657
2023-04-08,2023-04-09,TXN2662338,McDonalds,Dining,116.15,**** **** **** 6221
2023-04-09,2023-04-09,TXN8101036,AMC Theaters,Entertainment,470.41,**** **** **** 9647
2023-04-10,2023-04-10,TXN4221313,Uber,Travel,474.10,**** **** **** 8967
2023-04-12,2023-04-12,TXN7490791,Costco,Groceries,437.30,**** **** **** 1713
2023-04-12,2023-04-13,TXN3610197,Etsy,Online Shopping,300.13,**** **** **** 1861
2023-04-12,2023-04-13,TXN9840487,McDonalds,Dining,340.72,**** **** **** 8972
2023-04-12,2023-04-14,TXN8199311,Amazon,Online Shopping,382.49,**** **** **** 4705
2023-04-13,2023-04-13,TXN7070880,Amazon,Online Shopping,401.65,**** **** **** 8538
2023-04-13,2023-04-14,TXN6394323,Costco,Groceries,454.98,**** **** **** 4084
2023-04-13,2023-04-15,TXN6252285,Costco,Groceries,14.28,**** **** **** 2275
2023-04-14,2023-04-15,TXN6531293,Trader Joes,Groceries,325.42,**** **** **** 2079
2023-04-15,2023-04-17,TXN8568671,Spotify,Entertainment,50.40,**** **** **** 4637
2023-04-16,2023-04-18,TXN2909540,Walgreens,Healthcare,140.22,**** **** **** 9394
2023-04-17,2023-04-19,TXN7499771,Spotify,Entertainment,189.56,**** **** **** 5634
2023-04-17,2023-04-19,TXN8372274,Netflix,Entertainment,127.63,**** **** **** 8172
2023-04-18,2023-04-18,TXN5576678,McDonalds,Dining,46.52,**** **** **** 3626
2023-04-18,2023-04-18,TXN8095702,Etsy,Online Shopping,65.50,**** **** **** 6793
2023-04-18,2023-04-20,TXN2209226,Airbnb,Travel,281.57,**** **** **** 6802
2023-04-19,2023-04-19,TXN8581856,Etsy,Online Shopping,41.72,**** **** **** 8565
2023-04-19,2023-04-20,TXN2932288,Verizon,Utilities,321.87,**** **** **** 5743
2023-04-19,2023-04-21,TXN2539438,Comcast,Utilities,75.23,**** **** **** 1502
2023-04-19,2023-04-21,TXN2815603,Delta Airlines,Travel,330.08,**** **** **** 4674
2023-04-20,2023-04-21,TXN2414808,Netflix,Entertainment,228.01,**** **** **** 6626
2023-04-20,2023-04-21,TXN9782613,Airbnb,Travel,211.20,**** **** **** 2402
2023-04-20,2023-04-22,TXN3144023,McDonalds,Dining,281.67,**** **** **** 6381
2023-04-21,2023-04-23,TXN9993490,CVS Pharmacy,Healthcare,59.87,**** **** **** 9189
2023-04-22,2023-04-23,TXN1128967,Walmart,Groceries,200.66,**** **** **** 1897
2023-04-22,2023-04-23,TXN2126310,Amazon,Online Shopping,344.98,**** **** **** 8770
2023-04-22,2023-04-24,TXN7083379,Pizza Hut,Dining,256.70,**** **** **** 1298
2023-04-23,2023-04-23,TXN1318832,Walgreens,Healthcare,309.60,**** **** **** 2298
2023-04-24,2023-04-26,TXN3640889,Uber,Travel,212.82,**** **** **** 6585
2023-04-24,2023-04-26,TXN4309671,Netflix,Entertainment,55.89,**** **** **** 5193
2023-04-25,2023-04-26,TXN4350371,Verizon,Utilities,266.09,**** **** **** 3655
2023-04-25,2023-04-27,TXN6303930,Health Clinic,Healthcare,462.46,**** **** **** 6295
2023-04-25,2023-04-27,TXN7320310,Trader Joes,Groceries,171.70,**** **** **** 3147
2023-04-25,2023-04-27,TXN8868776,CVS Pharmacy,Healthcare,269.34,**** **** **** 6070
2023-04-26,2023-04-28,TXN7227905,Spotify,Entertainment,30.83,**** **** **** 8873
2023-04-27,2023-04-29,TXN8926478,Amazon,Online Shopping,73.11,**** **** **** 5700
2023-04-28,2023-04-30,TXN1485753,Trader Joes,Groceries,464.90,**** **** **** 5381
2023-04-28,2023-04-30,TXN2738129,Costco,Groceries,302.20,**** **** **** 6761
2023-04-29,2023-04-29,TXN8745704,Etsy,Online Shopping,473.83,**** **** **** 8218
2023-04-29,2023-04-30,TXN7274032,Costco,Groceries,31.36,**** **** **** 9224
2023-05-01,2023-05-02,TXN2446455,Ebay,Online Shopping,402.81,**** **** **** 3126
2023-05-01,2023-05-03,TXN5391883,Spotify,Entertainment,261.28,**** **** **** 2929
2023-05-02,2023-05-02,TXN9712957,AMC Theaters,Entertainment,169.86,**** **** **** 8761
2023-05-02,2023-05-03,TXN5794062,Health Clinic,Healthcare,441.76,**** **** **** 8710
2023-05-02,2023-05-04,TXN1508113,Exxon,Gas,109.35,**** **** **** 7825
2023-05-03,2023-05-04,TXN1816348,CVS Pharmacy,Healthcare,111.50,**** **** **** 6781
2023-05-03,2023-05-04,TXN2343333,AMC Theaters,Entertainment,150.41,**** **** **** 2680
2023-05-03,2023-05-04,TXN7891998,Verizon,Utilities,360.84,**** **** **** 9612
2023-05-04,2023-05-06,TXN5872986,PG&E,Utilities,410.10,**** **** **** 3399
2023-05-05,2023-05-05,TXN1543335,Airbnb,Travel,186.33,**** **** **** 7272
2023-05-05,2023-05-05,TXN7133857,PG&E,Utilities,398.47,**** **** **** 6555
2023-05-05,2023-05-06,TXN2044906,Uber,Travel,253.40,**** **** **** 8726
2023-05-05,2023-05-06,TXN5487430,McDonalds,Dining,124.66,**** **** **** 3007
2023-05-06,2023-05-07,TXN5765539,Uber,Travel,474.00,**** **** **** 9501
2023-05-07,2023-05-07,TXN2472884,Netflix,Entertainment,228.76,**** **** **** 8292
2023-05-08,2023-05-08,TXN3673322,Etsy,Online Shopping,361.96,**** **** **** 4110
2023-05-09,2023-05-11,TXN3860717,Airbnb,Travel,30.42,**** **** **** 8871
2023-05-09,2023-05-11,TXN5045421,Costco,Groceries,395.32,**** **** **** 6649
2023-05-09,2023-05-11,TXN7095349,Walmart,Groceries,337.24,**** **** **** 7655
2023-05-11,2023-05-12,TXN5828304,Etsy,Online Shopping,467.18,**** **** **** 5480
2023-05-11,2023-05-13,TXN3795835,Chevron,Gas,225.73,**** **** **** 7981
2023-05-12,2023-05-12,TXN8330827,Ebay,Online Shopping,66.62,**** **** **** 7029
2023-05-13,2023-05-14,TXN6943949,Spotify,Entertainment,456.50,**** **** **** 6608
2023-05-13,2023-05-15,TXN9931180,Exxon,Gas,171.50,**** **** **** 9351
2023-05-14,2023-05-16,TXN3762487,Walmart,Groceries,261.46,**** **** **** 5982
2023-05-15,2023-05-15,TXN3726331,Spotify,Entertainment,466.03,**** **** **** 6218
2023-05-15,2023-05-15,TXN8015136,Netflix,Entertainment,30.05,**** **** **** 7293
2023-05-15,2023-05-16,TXN6244264,Walgreens,Healthcare,105.99,**** **** **** 3353
2023-05-15,2023-05-17,TXN3164813,Amazon,Online Shopping,439.59,**** **** **** 3981
2023-05-16,2023-05-18,TXN1388833,Walgreens,Healthcare,440.14,**** **** **** 9148
2023-05-16,2023-05-18,TXN5108369,Exxon,Gas,478.54,**** **** **** 8912
2023-05-16,2023-05-18,TXN6557278,Chevron,Gas,408.80,**** **** **** 7035
2023-05-17,2023-05-17,TXN9288312,Chipotle,Dining,397.07,**** **** **** 4878
2023-05-17,2023-05-18,TXN2903351,PG&E,Utilities,326.53,**** **** **** 5089
2023-05-17,2023-05-19,TXN1529665,Comcast,Utilities,411.72,**** **** **** 4968
2023-05-17,2023-05-19,TXN1583829,Netflix,Entertainment,75.68,**** **** **** 8179
2023-05-18,2023-05-18,TXN7136730,Pizza Hut,Dining,71.30,**** **** **** 5333
2023-05-18,2023-05-19,TXN2993318,Pizza Hut,Dining,254.61,**** **** **** 5582
2023-05-18,2023-05-19,TXN9204110,Uber,Travel,386.73,**** **** **** 4396
2023-05-19,2023-05-21,TXN8025967,Chipotle,Dining,14.37,**** **** **** 6139
2023-05-20,2023-05-20,TXN3310140,Walgreens,Healthcare,189.15,**** **** **** 2259
2023-05-21,2023-05-22,TXN3872269,Chipotle,Dining,297.95,**** **** **** 3526
2023-05-22,2023-05-22,TXN8962302,Verizon,Utilities,157.30,**** **** **** 1436
2023-05-22,2023-05-24,TXN2362693,Etsy,Online Shopping,25.39,**** **** **** 1464
2023-05-22,2023-05-24,TXN5680950,Exxon,Gas,244.67,**** **** **** 5038
2023-05-23,2023-05-23,TXN9816043,Airbnb,Travel,165.90,**** **** **** 8837
2023-05-23,2023-05-24,TXN8121922,Etsy,Online Shopping,137.03,**** **** **** 2353
2023-05-23,2023-05-24,TXN8297090,Ebay,Online Shopping,25.97,**** **** **** 6776
2023-05-24,2023-05-26,TXN6679880,McDonalds,Dining,71.04,**** **** **** 6772
2023-05-25,2023-05-25,TXN1675365,Airbnb,Travel,257.02,**** **** **** 9193
2023-05-25,2023-05-26,TXN7082139,Amazon,Online Shopping,203.29,**** **** **** 4189
2023-05-25,2023-05-26,TXN8549319,Chipotle,Dining,486.33,**** **** **** 2215
2023-05-25,2023-05-26,TXN9240971,CVS Pharmacy,Healthcare,498.20,**** **** **** 5678
2023-05-26,2023-05-26,TXN1734947,Pizza Hut,Dining,23.31,**** **** **** 4302
2023-05-26,2023-05-26,TXN7681090,Costco,Groceries,467.02,**** **** **** 9444
2023-05-26,2023-05-28,TXN3652149,PG&E,Utilities,229.50,**** **** **** 1981
2023-05-26,2023-05-28,TXN5871470,Etsy,Online Shopping,176.98,**** **** **** 2063
2023-05-27,2023-05-29,TXN4058117,AMC Theaters,Entertainment,234.99,**** **** **** 8840
2023-05-27,2023-05-29,TXN5800144,Walgreens,Healthcare,23.13,**** **** **** 4131
2023-05-28,2023-05-28,TXN3100009,Shell,Gas,319.35,**** **** **** 5496
2023-05-28,2023-05-30,TXN7689354,Etsy,Online Shopping,494.07,**** **** **** 6658
2023-05-29,2023-05-30,TXN7064832,AMC Theaters,Entertainment,356.23,**** **** **** 3852
2023-05-29,2023-05-30,TXN9324908,Walgreens,Healthcare,172.82,**** **** **** 4060
2023-06-01,2023-06-02,TXN9796605,McDonalds,Dining,145.86,**** **** **** 9901
2023-06-04,2023-06-06,TXN9562677,Airbnb,Travel,293.66,**** **** **** 2489
2023-06-05,2023-06-07,TXN6379867,Shell,Gas,408.81,**** **** **** 6224
2023-06-05,2023-06-07,TXN8767916,Delta Airlines,Travel,379.31,**** **** **** 5888
2023-06-06,2023-06-08,TXN1236293,Health Clinic,Healthcare,132.35,**** **** **** 4050
2023-06-07,2023-06-07,TXN2832517,Exxon,Gas,349.60,**** **** **** 3249
2023-06-07,2023-06-07,TXN5105957,Starbucks,Dining,225.99,**** **** **** 1797
2023-06-08,2023-06-09,TXN6041569,AMC Theaters,Entertainment,263.02,**** **** **** 7775
2023-06-09,2023-06-09,TXN1786584,AMC Theaters,Entertainment,340.98,**** **** **** 9120
2023-06-09,2023-06-10,TXN6065810,Uber,Travel,378.11,**** **** **** 6400
2023-06-10,2023-06-12,TXN9037616,McDonalds,Dining,462.38,**** **** **** 5201
2023-06-10,2023-06-12,TXN9978365,Walmart,Groceries,327.89,**** **** **** 4804
2023-06-12,2023-06-14,TXN7849452,Verizon,Utilities,162.77,**** **** **** 7821
2023-06-15,2023-06-15,TXN1968662,CVS Pharmacy,Healthcare,259.06,**** **** **** 8484
2023-06-15,2023-06-16,TXN1540516,Spotify,Entertainment,98.30,**** **** **** 2848
2023-06-16,2023-06-16,TXN6547958,Walgreens,Healthcare,100.44,**** **** **** 2845
2023-06-16,2023-06-16,TXN7976731,Health Clinic,Healthcare,494.47,**** **** **** 7121
2023-06-18,2023-06-19,TXN1050591,Exxon,Gas,15.78,**** **** **** 5169
2023-06-19,2023-06-21,TXN2042273,Costco,Groceries,328.57,**** **** **** 4871
2023-06-19,2023-06-21,TXN8412854,Netflix,Entertainment,167.42,**** **** **** 9525
2023-06-20,2023-06-22,TXN4786141,Delta Airlines,Travel,30.13,**** **** **** 9700
2023-06-20,2023-06-22,TXN7724865,PG&E,Utilities,260.06,**** **** **** 2421
2023-06-21,2023-06-21,TXN2686863,Walmart,Groceries,209.58,**** **** **** 8739
2023-06-21,2023-06-22,TXN6388299,Health Clinic,Healthcare,103.73,**** **** **** 5706
2023-06-21,2023-06-22,TXN9872505,Chipotle,Dining,496.46,**** **** **** 7439
2023-06-22,2023-06-22,TXN1114590,Netflix,Entertainment,241.34,**** **** **** 5064
2023-06-22,2023-06-22,TXN6217344,Walgreens,Healthcare,84.06,**** **** **** 9233
2023-06-22,2023-06-22,TXN7826774,Trader Joes,Groceries,489.07,**** **** **** 3587
2023-06-22,2023-06-24,TXN2310346,Pizza Hut,Dining,266.45,**** **** **** 6927
2023-06-22,2023-06-24,TXN5152562,Verizon,Utilities,192.74,**** **** **** 4762
2023-06-23,2023-06-23,TXN3240912,Chevron,Gas,309.24,**** **** **** 4590
2023-06-23,2023-06-25,TXN5151780,Health Clinic,Healthcare,401.99,**** **** **** 4578
2023-06-24,2023-06-24,TXN1946973,PG&E,Utilities,121.00,**** **** **** 4559
2023-06-24,2023-06-24,TXN2010921,Starbucks,Dining,214.73,**** **** **** 2044
2023-06-24,2023-06-25,TXN3944316,Exxon,Gas,338.83,**** **** **** 4164
2023-06-24,2023-06-26,TXN1609681,Walmart,Groceries,211.85,**** **** **** 3880
2023-06-25,2023-06-27,TXN8525204,PG&E,Utilities,496.46,**** **** **** 7266
2023-06-26,2023-06-28,TXN5037710,Verizon,Utilities,384.20,**** **** **** 1256
2023-06-27,2023-06-28,TXN1628578,CVS Pharmacy,Healthcare,468.62,**** **** **** 5742
2023-06-28,2023-06-29,TXN3231198,Comcast,Utilities,342.95,**** **** **** 9835
2023-06-30,2023-06-30,TXN3272119,CVS Pharmacy,Healthcare,147.11,**** **** **** 3948
2023-06-30,2023-07-02,TXN4391627,Starbucks,Dining,415.24,**** **** **** 9281
2023-07-01,2023-07-02,TXN9742683,PG&E,Utilities,390.69,**** **** **** 4977
2023-07-02,2023-07-02,TXN4009069,Exxon,Gas,283.94,**** **** **** 1539
2023-07-02,2023-07-02,TXN7655572,Comcast,Utilities,420.14,**** **** **** 6580
2023-07-03,2023-07-03,TXN2715158,Chevron,Gas,183.16,**** **** **** 5419
2023-07-03,2023-07-04,TXN1158547,PG&E,Utilities,278.59,**** **** **** 1919
2023-07-04,2023-07-04,TXN7463219,McDonalds,Dining,279.34,**** **** **** 6315
2023-07-05,2023-07-05,TXN5484964,Airbnb,Travel,265.60,**** **** **** 6807
2023-07-05,2023-07-05,TXN7845845,Spotify,Entertainment,227.18,**** **** **** 9395
2023-07-05,2023-07-06,TXN2787627,AMC Theaters,Entertainment,197.86,**** **** **** 6909
2023-07-06,2023-07-08,TXN1813936,Trader Joes,Groceries,21.74,**** **** **** 2217
2023-07-06,2023-07-08,TXN5503118,Comcast,Utilities,73.73,**** **** **** 5933
2023-07-07,2023-07-08,TXN2968239,Shell,Gas,109.84,**** **** **** 4113
2023-07-08,2023-07-09,TXN2437708,PG&E,Utilities,96.94,**** **** **** 7227
2023-07-09,2023-07-10,TXN4018677,Amazon,Online Shopping,466.37,**** **** **** 4273
2023-07-09,2023-07-10,TXN9042900,Walmart,Groceries,98.14,**** **** **** 4555
2023-07-10,2023-07-10,TXN6565503,Airbnb,Travel,418.15,**** **** **** 7375
2023-07-10,2023-07-10,TXN9376888,Uber,Travel,118.86,**** **** **** 5026
2023-07-10,2023-07-10,TXN9797727,Comcast,Utilities,57.97,**** **** **** 2578
2023-07-10,2023-07-11,TXN2654371,Etsy,Online Shopping,441.99,**** **** **** 8635
2023-07-10,2023-07-11,TXN6045519,AMC Theaters,Entertainment,239.39,**** **** **** 4692
2023-07-10,2023-07-11,TXN6354241,Uber,Travel,160.52,**** **** **** 7524
2023-07-10,2023-07-12,TXN7309161,Health Clinic,Healthcare,392.08,**** **** **** 6339
2023-07-13,2023-07-15,TXN6802559,AMC Theaters,Entertainment,363.46,**** **** **** 9204
2023-07-14,2023-07-14,TXN8005797,Airbnb,Travel,77.23,**** **** **** 5272
2023-07-15,2023-07-15,TXN6573679,Spotify,Entertainment,8.35,**** **** **** 7483
2023-07-15,2023-07-15,TXN9192588,Amazon,Online Shopping,74.28,**** **** **** 9954
2023-07-16,2023-07-16,TXN4280754,Ebay,Online Shopping,472.39,**** **** **** 9123
2023-07-16,2023-07-16,TXN6029008,Chipotle,Dining,220.16,**** **** **** 7899
2023-07-18,2023-07-19,TXN9988193,Walmart,Groceries,267.06,**** **** **** 5501
2023-07-18,2023-07-20,TXN6540893,Spotify,Entertainment,125.21,**** **** **** 4331
2023-07-18,2023-07-20,TXN9230828,Ebay,Online Shopping,382.86,**** **** **** 9005
2023-07-20,2023-07-22,TXN9929043,Health Clinic,Healthcare,246.49,**** **** **** 1108
2023-07-21,2023-07-21,TXN1864641,Walgreens,Healthcare,50.77,**** **** **** 4120
2023-07-22,2023-07-24,TXN8356053,Trader Joes,Groceries,233.50,**** **** **** 4434
2023-07-23,2023-07-23,TXN1531577,Exxon,Gas,414.89,**** **** **** 2320
2023-07-23,2023-07-23,TXN2014184,Walmart,Groceries,255.34,**** **** **** 7114
2023-07-23,2023-07-23,TXN2599906,Pizza Hut,Dining,423.44,**** **** **** 6427
2023-07-24,2023-07-25,TXN7654381,Airbnb,Travel,304.18,**** **** **** 4350
2023-07-25,2023-07-25,TXN2140312,Comcast,Utilities,422.06,**** **** **** 4791
2023-07-25,2023-07-26,TXN9230960,Trader Joes,Groceries,140.30,**** **** **** 8381
2023-07-25,2023-07-27,TXN5495824,Shell,Gas,357.99,**** **** **** 2344
2023-07-26,2023-07-27,TXN5080351,McDonalds,Dining,479.85,**** **** **** 8520
2023-07-26,2023-07-27,TXN6080688,Pizza Hut,Dining,338.12,**** **** **** 3280
2023-07-26,2023-07-28,TXN6249960,Walgreens,Healthcare,457.59,**** **** **** 7073
2023-07-27,2023-07-29,TXN3283789,PG&E,Utilities,222.91,**** **** **** 8055
2023-07-28,2023-07-30,TXN7987842,Spotify,Entertainment,457.80,**** **** **** 7761
2023-07-29,2023-07-31,TXN5548220,Walmart,Groceries,109.65,**** **** **** 8790
2023-07-30,2023-07-30,TXN7027375,Ebay,Online Shopping,193.43,**** **** **** 9743
2023-07-30,2023-07-31,TXN2290796,Walmart,Groceries,295.58,**** **** **** 7525
2023-08-02,2023-08-02,TXN8403549,CVS Pharmacy,Healthcare,66.50,**** **** **** 3588
2023-08-02,2023-08-03,TXN8201300,Exxon,Gas,351.22,**** **** **** 4836
2023-08-03,2023-08-04,TXN2834801,Trader Joes,Groceries,61.97,**** **** **** 6620
2023-08-04,2023-08-04,TXN7704473,Amazon,Online Shopping,325.26,**** **** **** 1725
2023-08-04,2023-08-06,TXN1698108,McDonalds,Dining,388.68,**** **** **** 7010
2023-08-04,2023-08-06,TXN4470657,Spotify,Entertainment,159.39,**** **** **** 8460
2023-08-05,2023-08-06,TXN2440404,Costco,Groceries,56.75,**** **** **** 7815
2023-08-06,2023-08-06,TXN4772246,Walmart,Groceries,149.58,**** **** **** 5503
2023-08-06,2023-08-07,TXN3777050,McDonalds,Dining,128.94,**** **** **** 7092
2023-08-07,2023-08-09,TXN3784709,Etsy,Online Shopping,307.08,**** **** **** 8015
2023-08-09,2023-08-10,TXN4975295,Pizza Hut,Dining,433.32,**** **** **** 2923
2023-08-09,2023-08-11,TXN2240929,AMC Theaters,Entertainment,214.45,**** **** **** 7176
2023-08-09,2023-08-11,TXN3453557,AMC Theaters,Entertainment,433.71,**** **** **** 5090
2023-08-09,2023-08-11,TXN5854206,Spotify,Entertainment,489.61,**** **** **** 5794
2023-08-12,2023-08-13,TXN2421902,Health Clinic,Healthcare,90.40,**** **** **** 5873
2023-08-12,2023-08-13,TXN5163551,Amazon,Online Shopping,127.65,**** **** **** 2380
2023-08-12,2023-08-13,TXN9853588,Uber,Travel,61.41,**** **** **** 9019
2023-08-12,2023-08-14,TXN7437584,AMC Theaters,Entertainment,197.29,**** **** **** 3258
2023-08-13,2023-08-13,TXN3753418,Netflix,Entertainment,267.60,**** **** **** 1138
2023-08-14,2023-08-14,TXN3799538,Health Clinic,Healthcare,271.00,**** **** **** 3838
2023-08-15,2023-08-15,TXN6064462,Comcast,Utilities,497.87,**** **** **** 3161
2023-08-15,2023-08-16,TXN8421969,Airbnb,Travel,375.39,**** **** **** 7745
2023-08-15,2023-08-17,TXN8017921,Health Clinic,Healthcare,203.40,**** **** **** 9300
2023-08-16,2023-08-17,TXN1899447,Netflix,Entertainment,160.72,**** **** **** 8389
2023-08-17,2023-08-18,TXN6350413,Ebay,Online Shopping,53.32,**** **** **** 8412
2023-08-17,2023-08-19,TXN8628527,Exxon,Gas,468.49,**** **** **** 7046
2023-08-17,2023-08-19,TXN9396422,Uber,Travel,190.19,**** **** **** 8586
2023-08-18,2023-08-18,TXN2425760,Etsy,Online Shopping,448.27,**** **** **** 9796
2023-08-18,2023-08-19,TXN4127053,CVS Pharmacy,Healthcare,399.89,**** **** **** 4022
2023-08-18,2023-08-19,TXN9569902,Spotify,Entertainment,285.00,**** **** **** 9115
2023-08-18,2023-08-20,TXN1812172,AMC Theaters,Entertainment,426.95,**** **** **** 6631
2023-08-18,2023-08-20,TXN4446807,Exxon,Gas,18.28,**** **** **** 5942
2023-08-19,2023-08-19,TXN3023227,CVS Pharmacy,Healthcare,8.99,**** **** **** 6629
2023-08-19,2023-08-20,TXN1994652,Chipotle,Dining,481.57,**** **** **** 7743
2023-08-19,2023-08-20,TXN5669851,Comcast,Utilities,353.84,**** **** **** 4371
2023-08-20,2023-08-20,TXN9930189,Delta Airlines,Travel,403.69,**** **** **** 6747
2023-08-21,2023-08-21,TXN3226333,Starbucks,Dining,110.64,**** **** **** 2276
2023-08-21,2023-08-22,TXN7758714,PG&E,Utilities,42.38,**** **** **** 2525
2023-08-21,2023-08-22,TXN9199017,Verizon,Utilities,248.40,**** **** **** 8272
2023-08-21,2023-08-23,TXN4654579,Amazon,Online Shopping,398.86,**** **** **** 7516
2023-08-21,2023-08-23,TXN8542617,PG&E,Utilities,19.45,**** **** **** 4232
2023-08-22,2023-08-22,TXN4070977,Amazon,Online Shopping,123.09,**** **** **** 2916
2023-08-22,2023-08-22,TXN6553084,Airbnb,Travel,91.35,**** **** **** 3623
2023-08-23,2023-08-24,TXN5508325,Airbnb,Travel,199.39,**** **** **** 3329
2023-08-24,2023-08-24,TXN3300647,McDonalds,Dining,186.94,**** **** **** 5902
2023-08-24,2023-08-26,TXN8545256,Uber,Travel,438.03,**** **** **** 1528
2023-08-25,2023-08-27,TXN2718262,Health Clinic,Healthcare,113.18,**** **** **** 7965
2023-08-25,2023-08-27,TXN4136665,Starbucks,Dining,400.75,**** **** **** 9796
2023-08-28,2023-08-28,TXN7442986,Starbucks,Dining,74.31,**** **** **** 3017
2023-08-28,2023-08-29,TXN2498726,Spotify,Entertainment,40.06,**** **** **** 7276
2023-08-28,2023-08-29,TXN9479842,Costco,Groceries,72.58,**** **** **** 7290
2023-08-31,2023-09-01,TXN4724560,Comcast,Utilities,10.22,**** **** **** 5239
2023-08-31,2023-09-01,TXN6666591,Uber,Travel,137.93,**** **** **** 5646
2023-08-31,2023-09-01,TXN8691502,Etsy,Online Shopping,6.22,**** **** **** 2526
2023-08-31,2023-09-02,TXN2916496,Etsy,Online Shopping,197.38,**** **** **** 7431
2023-09-01,2023-09-01,TXN7245146,Delta Airlines,Travel,103.08,**** **** **** 7563
2023-09-01,2023-09-02,TXN6620658,Walmart,Groceries,273.06,**** **** **** 1157
2023-09-01,2023-09-03,TXN4442590,Verizon,Utilities,364.97,**** **** **** 2703
2023-09-01,2023-09-03,TXN6816746,AMC Theaters,Entertainment,10.62,**** **** **** 9133
2023-09-02,2023-09-02,TXN2860938,AMC Theaters,Entertainment,353.82,**** **** **** 3320
2023-09-02,2023-09-02,TXN9821696,Chevron,Gas,72.93,**** **** **** 4267
2023-09-02,2023-09-03,TXN1593302,Ebay,Online Shopping,460.51,**** **** **** 3932
2023-09-02,2023-09-03,TXN7626978,Walmart,Groceries,462.45,**** **** **** 8096
2023-09-02,2023-09-03,TXN8174037,CVS Pharmacy,Healthcare,31.98,**** **** **** 1062
2023-09-03,2023-09-03,TXN3055673,CVS Pharmacy,Healthcare,50.53,**** **** **** 6432
2023-09-03,2023-09-03,TXN4607450,Exxon,Gas,349.95,**** **** **** 1660
2023-09-03,2023-09-03,TXN8691649,Airbnb,Travel,209.46,**** **** **** 7102
2023-09-03,2023-09-04,TXN2562037,Spotify,Entertainment,84.65,**** **** **** 2228
2023-09-05,2023-09-05,TXN3025626,Spotify,Entertainment,235.70,**** **** **** 7660
2023-09-05,2023-09-06,TXN3816683,Chipotle,Dining,176.67,**** **** **** 6234
2023-09-06,2023-09-06,TXN1982997,Etsy,Online Shopping,113.41,**** **** **** 5602
2023-09-06,2023-09-06,TXN7866576,McDonalds,Dining,106.75,**** **** **** 4112
2023-09-06,2023-09-08,TXN1543292,Trader Joes,Groceries,474.61,**** **** **** 7415
2023-09-06,2023-09-08,TXN9324603,Etsy,Online Shopping,114.34,**** **** **** 2705
2023-09-07,2023-09-08,TXN7178606,Exxon,Gas,313.25,**** **** **** 8600
2023-09-08,2023-09-10,TXN4681115,Uber,Travel,269.18,**** **** **** 1916
2023-09-08,2023-09-10,TXN5102892,Walmart,Groceries,430.05,**** **** **** 1201
2023-09-08,2023-09-10,TXN5736323,Costco,Groceries,39.12,**** **** **** 8620
2023-09-08,2023-09-10,TXN6565572,Delta Airlines,Travel,265.59,**** **** **** 1011
2023-09-08,2023-09-10,TXN9047769,Costco,Groceries,392.05,**** **** **** 6883
2023-09-09,2023-09-09,TXN3606795,Shell,Gas,258.10,**** **** **** 4329
2023-09-09,2023-09-09,TXN4008898,Amazon,Online Shopping,253.51,**** **** **** 1862
2023-09-10,2023-09-11,TXN6336123,Ebay,Online Shopping,351.86,**** **** **** 6345
2023-09-11,2023-09-12,TXN9173859,Amazon,Online Shopping,488.05,**** **** **** 8157
2023-09-11,2023-09-13,TXN8284673,Health Clinic,Healthcare,20.34,**** **** **** 3703
2023-09-12,2023-09-14,TXN3728923,Comcast,Utilities,415.26,**** **** **** 4695
2023-09-13,2023-09-14,TXN3037647,Delta Airlines,Travel,233.71,**** **** **** 3290
2023-09-13,2023-09-14,TXN7353742,Comcast,Utilities,442.85,**** **** **** 9078
2023-09-15,2023-09-15,TXN2756994,Costco,Groceries,14.94,**** **** **** 5278
2023-09-15,2023-09-16,TXN2828260,Delta Airlines,Travel,472.06,**** **** **** 3230
2023-09-15,2023-09-17,TXN3003921,Costco,Groceries,334.71,**** **** **** 3877
2023-09-16,2023-09-16,TXN4602338,Verizon,Utilities,216.20,**** **** **** 6799
2023-09-16,2023-09-17,TXN9863176,Chipotle,Dining,252.29,**** **** **** 2163
2023-09-16,2023-09-18,TXN2934976,Spotify,Entertainment,82.87,**** **** **** 2685
2023-09-17,2023-09-17,TXN1521470,Chevron,Gas,410.94,**** **** **** 3848
2023-09-17,2023-09-17,TXN5694689,PG&E,Utilities,480.79,**** **** **** 3332
2023-09-17,2023-09-18,TXN3561552,PG&E,Utilities,352.40,**** **** **** 2350
2023-09-17,2023-09-19,TXN2980663,Shell,Gas,189.08,**** **** **** 5403
2023-09-18,2023-09-19,TXN3011815,Uber,Travel,157.61,**** **** **** 5341
2023-09-18,2023-09-19,TXN5537157,Etsy,Online Shopping,253.68,**** **** **** 7363
2023-09-18,2023-09-19,TXN6203780,Verizon,Utilities,318.98,**** **** **** 2083
2023-09-18,2023-09-20,TXN1280001,Spotify,Entertainment,477.45,**** **** **** 2195
2023-09-18,2023-09-20,TXN6367620,Comcast,Utilities,164.29,**** **** **** 7819
2023-09-19,2023-09-19,TXN7676912,Costco,Groceries,111.79,**** **** **** 1990
2023-09-19,2023-09-20,TXN3526084,Airbnb,Travel,450.72,**** **** **** 5016
2023-09-19,2023-09-20,TXN7019382,Amazon,Online Shopping,92.17,**** **** **** 6210
2023-09-19,2023-09-21,TXN4972370,Costco,Groceries,332.91,**** **** **** 3141
2023-09-20,2023-09-22,TXN5015476,Airbnb,Travel,198.92,**** **** **** 1894
2023-09-20,2023-09-22,TXN9036805,Airbnb,Travel,151.08,**** **** **** 7750
2023-09-21,2023-09-21,TXN5186600,Ebay,Online Shopping,10.64,**** **** **** 4435
2023-09-21,2023-09-22,TXN4745298,AMC Theaters,Entertainment,484.53,**** **** **** 6846
2023-09-22,2023-09-24,TXN1365746,McDonalds,Dining,459.13,**** **** **** 2228
2023-09-22,2023-09-24,TXN3136551,Spotify,Entertainment,156.88,**** **** **** 5825
2023-09-23,2023-09-23,TXN1807780,Ebay,Online Shopping,394.57,**** **** **** 1020
2023-09-23,2023-09-24,TXN2945931,Delta Airlines,Travel,126.02,**** **** **** 8118
2023-09-23,2023-09-25,TXN1930113,Pizza Hut,Dining,230.32,**** **** **** 6900
2023-09-23,2023-09-25,TXN2609202,Exxon,Gas,144.35,**** **** **** 4891
2023-09-24,2023-09-24,TXN2255447,Chipotle,Dining,320.42,**** **** **** 7461
2023-09-25,2023-09-25,TXN5411563,Ebay,Online Shopping,139.63,**** **** **** 2046
2023-09-25,2023-09-26,TXN7189439,Amazon,Online Shopping,278.78,**** **** **** 1130
2023-09-26,2023-09-27,TXN2679975,Etsy,Online Shopping,499.80,**** **** **** 3615
2023-09-27,2023-09-28,TXN1942342,Shell,Gas,247.77,**** **** **** 2478
2023-09-27,2023-09-28,TXN7647878,Netflix,Entertainment,357.02,**** **** **** 6828
2023-09-28,2023-09-30,TXN2695038,Amazon,Online Shopping,189.93,**** **** **** 7481
2023-09-29,2023-09-29,TXN7130603,Ebay,Online Shopping,70.33,**** **** **** 7895
2023-09-30,2023-09-30,TXN1581321,Chevron,Gas,225.78,**** **** **** 3435
2023-09-30,2023-10-02,TXN4158036,Trader Joes,Groceries,351.78,**** **** **** 3328
2023-09-30,2023-10-02,TXN6428919,Delta Airlines,Travel,173.68,**** **** **** 3907
2023-10-01,2023-10-02,TXN2647814,Chevron,Gas,143.77,**** **** **** 9054
2023-10-01,2023-10-02,TXN4713654,Walmart,Groceries,427.64,**** **** **** 4511
2023-10-03,2023-10-05,TXN2023137,Etsy,Online Shopping,209.92,**** **** **** 4727
2023-10-04,2023-10-05,TXN2772258,Netflix,Entertainment,285.46,**** **** **** 2641
2023-10-04,2023-10-05,TXN6630978,AMC Theaters,Entertainment,133.03,**** **** **** 3999
2023-10-05,2023-10-07,TXN6361758,Delta Airlines,Travel,403.69,**** **** **** 7620
2023-10-07,2023-10-08,TXN9644791,Health Clinic,Healthcare,434.26,**** **** **** 1920
2023-10-08,2023-10-08,TXN5596579,CVS Pharmacy,Healthcare,459.43,**** **** **** 4262
2023-10-08,2023-10-09,TXN8110298,Exxon,Gas,483.68,**** **** **** 5511
2023-10-09,2023-10-10,TXN1650662,AMC Theaters,Entertainment,306.28,**** **** **** 7581
2023-10-09,2023-10-11,TXN8410774,Verizon,Utilities,324.55,**** **** **** 4079
2023-10-10,2023-10-12,TXN3866088,CVS Pharmacy,Healthcare,53.01,**** **** **** 4390
2023-10-11,2023-10-12,TXN4160157,Ebay,Online Shopping,134.27,**** **** **** 5895
2023-10-12,2023-10-12,TXN5782670,Exxon,Gas,416.28,**** **** **** 2480
2023-10-12,2023-10-13,TXN5059047,Verizon,Utilities,461.92,**** **** **** 1500
2023-10-12,2023-10-13,TXN6867997,CVS Pharmacy,Healthcare,480.46,**** **** **** 8775
2023-10-12,2023-10-13,TXN8377620,Amazon,Online Shopping,225.66,**** **** **** 5313
2023-10-13,2023-10-14,TXN7248518,Delta Airlines,Travel,374.15,**** **** **** 5400
2023-10-13,2023-10-15,TXN3889032,Health Clinic,Healthcare,306.44,**** **** **** 1613
2023-10-15,2023-10-16,TXN2622400,Uber,Travel,284.30,**** **** **** 3476
2023-10-16,2023-10-16,TXN3010177,Pizza Hut,Dining,445.27,**** **** **** 9199
2023-10-16,2023-10-17,TXN4101792,Shell,Gas,322.72,**** **** **** 7349
2023-10-16,2023-10-17,TXN9423864,Pizza Hut,Dining,451.87,**** **** **** 1568
2023-10-17,2023-10-18,TXN5928878,AMC Theaters,Entertainment,438.86,**** **** **** 3967
2023-10-18,2023-10-20,TXN2071008,Chevron,Gas,343.78,**** **** **** 8892
2023-10-19,2023-10-19,TXN5431477,Exxon,Gas,440.67,**** **** **** 7732
2023-10-19,2023-10-21,TXN3900427,Netflix,Entertainment,474.88,**** **** **** 8357
2023-10-21,2023-10-21,TXN1336422,Uber,Travel,327.54,**** **** **** 9409
2023-10-21,2023-10-21,TXN8054359,Uber,Travel,115.55,**** **** **** 6031
2023-10-21,2023-10-22,TXN7668395,Pizza Hut,Dining,422.67,**** **** **** 6052
2023-10-22,2023-10-22,TXN5352450,Trader Joes,Groceries,251.20,**** **** **** 5843
2023-10-22,2023-10-23,TXN6364506,Airbnb,Travel,78.20,**** **** **** 5225
2023-10-22,2023-10-24,TXN7278533,Verizon,Utilities,55.64,**** **** **** 9380
2023-10-24,2023-10-26,TXN7014583,Airbnb,Travel,269.64,**** **** **** 8794
2023-10-25,2023-10-27,TXN1966829,Walmart,Groceries,100.42,**** **** **** 4288
2023-10-26,2023-10-26,TXN3275826,McDonalds,Dining,356.24,**** **** **** 7609
2023-10-26,2023-10-27,TXN2976045,Ebay,Online Shopping,294.86,**** **** **** 8598
2023-10-27,2023-10-28,TXN4953417,Verizon,Utilities,345.10,**** **** **** 8779
2023-10-28,2023-10-28,TXN6383277,Spotify,Entertainment,487.24,**** **** **** 8259
2023-10-28,2023-10-29,TXN8039616,CVS Pharmacy,Healthcare,394.34,**** **** **** 9561
2023-10-28,2023-10-30,TXN1141997,Costco,Groceries,456.20,**** **** **** 3837
2023-10-29,2023-10-30,TXN6069153,Ebay,Online Shopping,129.74,**** **** **** 8646
2023-10-30,2023-10-31,TXN6757387,PG&E,Utilities,369.68,**** **** **** 4111
2023-10-30,2023-11-01,TXN6471499,Starbucks,Dining,197.11,**** **** **** 7510
2023-10-31,2023-10-31,TXN2314805,Delta Airlines,Travel,67.46,**** **** **** 7936
2023-11-01,2023-11-01,TXN5501484,Spotify,Entertainment,181.98,**** **** **** 8171
2023-11-01,2023-11-02,TXN4796108,Delta Airlines,Travel,339.99,**** **** **** 5076
2023-11-01,2023-11-03,TXN4784075,Shell,Gas,312.18,**** **** **** 8259
2023-11-02,2023-11-04,TXN5808610,Walmart,Groceries,137.15,**** **** **** 3636
2023-11-04,2023-11-05,TXN2524974,Comcast,Utilities,280.78,**** **** **** 1002
2023-11-04,2023-11-05,TXN7371160,Health Clinic,Healthcare,340.80,**** **** **** 3969
2023-11-04,2023-11-05,TXN9971338,Costco,Groceries,438.89,**** **** **** 5190
2023-11-06,2023-11-06,TXN9728991,Costco,Groceries,474.49,**** **** **** 8469
2023-11-07,2023-11-07,TXN3983202,Exxon,Gas,175.92,**** **** **** 3173
2023-11-07,2023-11-08,TXN3402902,Verizon,Utilities,446.96,**** **** **** 8496
2023-11-07,2023-11-09,TXN7004931,Uber,Travel,416.59,**** **** **** 4304
2023-11-08,2023-11-08,TXN3835093,Netflix,Entertainment,368.37,**** **** **** 9267
2023-11-09,2023-11-10,TXN3318275,Ebay,Online Shopping,229.16,**** **** **** 3185
2023-11-09,2023-11-10,TXN5874908,Walmart,Groceries,407.52,**** **** **** 1646
2023-11-09,2023-11-11,TXN4616991,Delta Airlines,Travel,64.77,**** **** **** 7437
2023-11-11,2023-11-11,TXN7352484,Ebay,Online Shopping,29.92,**** **** **** 4648
2023-11-11,2023-11-12,TXN1768029,Exxon,Gas,263.38,**** **** **** 2741
2023-11-11,2023-11-13,TXN6258215,Netflix,Entertainment,246.35,**** **** **** 3897
2023-11-12,2023-11-12,TXN7095071,Uber,Travel,169.33,**** **** **** 8751
2023-11-12,2023-11-14,TXN1195368,Comcast,Utilities,420.32,**** **** **** 1894
2023-11-12,2023-11-14,TXN1769891,Ebay,Online Shopping,370.58,**** **** **** 2556
2023-11-13,2023-11-13,TXN2476728,Pizza Hut,Dining,224.87,**** **** **** 8341
2023-11-13,2023-11-14,TXN8075620,Walgreens,Healthcare,418.68,**** **** **** 8835
2023-11-14,2023-11-15,TXN7259602,Comcast,Utilities,23.67,**** **** **** 4267
2023-11-14,2023-11-16,TXN4646403,Exxon,Gas,276.16,**** **** **** 6143
2023-11-14,2023-11-16,TXN8026730,McDonalds,Dining,313.28,**** **** **** 3247
2023-11-15,2023-11-15,TXN3067274,Amazon,Online Shopping,379.79,**** **** **** 1761
2023-11-16,2023-11-16,TXN7767819,AMC Theaters,Entertainment,219.69,**** **** **** 8035
2023-11-16,2023-11-16,TXN9528410,Trader Joes,Groceries,467.98,**** **** **** 8912
2023-11-16,2023-11-18,TXN6051895,Netflix,Entertainment,349.12,**** **** **** 1152
2023-11-17,2023-11-18,TXN3304606,Comcast,Utilities,436.07,**** **** **** 3470
2023-11-17,2023-11-19,TXN9059269,Etsy,Online Shopping,62.13,**** **** **** 6771
2023-11-19,2023-11-21,TXN5797075,Verizon,Utilities,375.20,**** **** **** 9747
2023-11-20,2023-11-20,TXN1809249,Trader Joes,Groceries,58.52,**** **** **** 1323
2023-11-20,2023-11-22,TXN6750102,Ebay,Online Shopping,444.55,**** **** **** 3192
2023-11-21,2023-11-21,TXN3658100,Costco,Groceries,140.40,**** **** **** 3762
2023-11-21,2023-11-21,TXN3674211,Chipotle,Dining,349.60,**** **** **** 1960
2023-11-21,2023-11-21,TXN9248484,Walgreens,Healthcare,435.36,**** **** **** 2226
2023-11-21,2023-11-22,TXN4757843,Trader Joes,Groceries,434.82,**** **** **** 9598
2023-11-22,2023-11-23,TXN4422567,Netflix,Entertainment,346.84,**** **** **** 5835
2023-11-22,2023-11-23,TXN9085438,Pizza Hut,Dining,332.55,**** **** **** 5072
2023-11-22,2023-11-24,TXN5164755,Etsy,Online Shopping,441.29,**** **** **** 7859
2023-11-23,2023-11-23,TXN5240244,PG&E,Utilities,193.23,**** **** **** 9966
2023-11-23,2023-11-24,TXN1036858,Starbucks,Dining,380.86,**** **** **** 4633
2023-11-23,2023-11-24,TXN2852723,Amazon,Online Shopping,6.36,**** **** **** 2458
2023-11-23,2023-11-24,TXN4484526,Shell,Gas,24.51,**** **** **** 9132
2023-11-23,2023-11-24,TXN6135759,Shell,Gas,55.84,**** **** **** 9246
2023-11-24,2023-11-26,TXN1788191,Comcast,Utilities,257.91,**** **** **** 5712
2023-11-24,2023-11-26,TXN5966428,McDonalds,Dining,323.95,**** **** **** 8483
2023-11-25,2023-11-25,TXN7499587,AMC Theaters,Entertainment,408.55,**** **** **** 2696
2023-11-25,2023-11-26,TXN3258817,Health Clinic,Healthcare,296.71,**** **** **** 9260
2023-11-25,2023-11-26,TXN9104731,Trader Joes,Groceries,440.58,**** **** **** 3140
2023-11-25,2023-11-27,TXN4763253,Costco,Groceries,407.94,**** **** **** 2679
2023-11-26,2023-11-28,TXN6718584,Exxon,Gas,283.35,**** **** **** 8474
2023-11-27,2023-11-27,TXN9350675,McDonalds,Dining,61.44,**** **** **** 2741
2023-11-27,2023-11-29,TXN2259100,CVS Pharmacy,Healthcare,474.98,**** **** **** 9383
2023-11-28,2023-11-29,TXN1298116,Walgreens,Healthcare,63.76,**** **** **** 9148
2023-11-29,2023-11-29,TXN2794516,CVS Pharmacy,Healthcare,411.81,**** **** **** 7704
2023-11-29,2023-11-30,TXN1320859,Amazon,Online Shopping,86.62,**** **** **** 7609
2023-11-29,2023-11-30,TXN3438177,Trader Joes,Groceries,57.70,**** **** **** 7240
2023-11-29,2023-12-01,TXN2909784,McDonalds,Dining,408.41,**** **** **** 3996
2023-11-30,2023-12-01,TXN1902651,PG&E,Utilities,478.57,**** **** **** 6122
2023-11-30,2023-12-01,TXN5389135,Pizza Hut,Dining,223.14,**** **** **** 2037
2023-11-30,2023-12-02,TXN4246352,Etsy,Online Shopping,275.57,**** **** **** 4218
2023-12-01,2023-12-01,TXN3260294,Walmart,Groceries,288.88,**** **** **** 3639
2023-12-01,2023-12-03,TXN9167227,Etsy,Online Shopping,402.39,**** **** **** 8300
2023-12-02,2023-12-03,TXN3808418,Uber,Travel,259.38,**** **** **** 2572
2023-12-03,2023-12-03,TXN4819259,Walmart,Groceries,398.14,**** **** **** 2154
2023-12-03,2023-12-04,TXN7053183,Delta Airlines,Travel,333.35,**** **** **** 6424
2023-12-04,2023-12-05,TXN7399057,Exxon,Gas,47.82,**** **** **** 8170
2023-12-05,2023-12-06,TXN9111841,Netflix,Entertainment,285.35,**** **** **** 3395
2023-12-05,2023-12-06,TXN9230079,Trader Joes,Groceries,309.73,**** **** **** 5934
2023-12-06,2023-12-06,TXN2923047,Airbnb,Travel,418.20,**** **** **** 4183
2023-12-06,2023-12-06,TXN9569884,Verizon,Utilities,75.64,**** **** **** 3979
2023-12-06,2023-12-08,TXN5876342,Trader Joes,Groceries,233.33,**** **** **** 2198
2023-12-08,2023-12-08,TXN7077092,Shell,Gas,79.37,**** **** **** 3578
2023-12-08,2023-12-08,TXN7768215,Chipotle,Dining,210.89,**** **** **** 9798
2023-12-08,2023-12-10,TXN2519244,Shell,Gas,235.03,**** **** **** 9362
2023-12-09,2023-12-09,TXN4855635,Ebay,Online Shopping,300.28,**** **** **** 2127
2023-12-09,2023-12-10,TXN7060792,Delta Airlines,Travel,335.95,**** **** **** 9485
2023-12-09,2023-12-10,TXN9168181,Airbnb,Travel,205.89,**** **** **** 6653
2023-12-10,2023-12-10,TXN2924714,Health Clinic,Healthcare,412.73,**** **** **** 1144
2023-12-10,2023-12-10,TXN3390000,Amazon,Online Shopping,209.26,**** **** **** 9397
2023-12-11,2023-12-11,TXN2060950,Verizon,Utilities,63.56,**** **** **** 1096
2023-12-11,2023-12-11,TXN5641917,Airbnb,Travel,371.21,**** **** **** 8145
2023-12-11,2023-12-12,TXN3556763,Walgreens,Healthcare,310.09,**** **** **** 6008
2023-12-12,2023-12-12,TXN4246367,Delta Airlines,Travel,146.14,**** **** **** 2143
2023-12-13,2023-12-13,TXN3699938,PG&E,Utilities,280.52,**** **** **** 3131
2023-12-13,2023-12-14,TXN2731828,CVS Pharmacy,Healthcare,24.75,**** **** **** 6309
2023-12-13,2023-12-14,TXN9461748,Netflix,Entertainment,13.20,**** **** **** 9564
2023-12-13,2023-12-14,TXN9625782,Trader Joes,Groceries,123.25,**** **** **** 3717
2023-12-13,2023-12-15,TXN3288101,Costco,Groceries,82.38,**** **** **** 4602
2023-12-13,2023-12-15,TXN9668165,PG&E,Utilities,295.90,**** **** **** 2275
2023-12-15,2023-12-15,TXN3002424,Chipotle,Dining,481.43,**** **** **** 9418
2023-12-15,2023-12-16,TXN2375290,Chevron,Gas,278.08,**** **** **** 3879
2023-12-16,2023-12-18,TXN7893744,Walgreens,Healthcare,109.30,**** **** **** 3641
2023-12-18,2023-12-19,TXN7585029,Health Clinic,Healthcare,388.72,**** **** **** 6993
2023-12-18,2023-12-20,TXN2428191,Netflix,Entertainment,25.68,**** **** **** 7456
2023-12-19,2023-12-20,TXN1670091,Costco,Groceries,235.83,**** **** **** 3536
2023-12-19,2023-12-21,TXN1081065,Ebay,Online Shopping,479.54,**** **** **** 3762
2023-12-20,2023-12-22,TXN2901507,Chipotle,Dining,210.23,**** **** **** 6410
2023-12-21,2023-12-23,TXN5332877,Trader Joes,Groceries,77.70,**** **** **** 3725
2023-12-22,2023-12-22,TXN6550757,Shell,Gas,102.72,**** **** **** 8982
2023-12-22,2023-12-23,TXN1654924,AMC Theaters,Entertainment,52.67,**** **** **** 8796
2023-12-22,2023-12-23,TXN1669029,CVS Pharmacy,Healthcare,452.73,**** **** **** 4994
2023-12-22,2023-12-23,TXN5745083,Comcast,Utilities,196.01,**** **** **** 9851
2023-12-23,2023-12-25,TXN3916715,Exxon,Gas,135.34,**** **** **** 9918
2023-12-24,2023-12-25,TXN1187069,Exxon,Gas,76.32,**** **** **** 7113
2023-12-24,2023-12-26,TXN1635626,Netflix,Entertainment,232.32,**** **** **** 6434
2023-12-25,2023-12-27,TXN9436204,Trader Joes,Groceries,424.88,**** **** **** 6860
2023-12-26,2023-12-27,TXN3778404,Trader Joes,Groceries,441.61,**** **** **** 8207
2023-12-26,2023-12-28,TXN9814666,Amazon,Online Shopping,393.10,**** **** **** 6207
2023-12-27,2023-12-27,TXN2209981,Airbnb,Travel,415.23,**** **** **** 8130
2023-12-27,2023-12-28,TXN2265001,AMC Theaters,Entertainment,102.23,**** **** **** 2252
2023-12-27,2023-12-28,TXN8765307,AMC Theaters,Entertainment,367.82,**** **** **** 8863
2023-12-29,2023-12-29,TXN1614990,Trader Joes,Groceries,291.56,**** **** **** 4485
2023-12-29,2023-12-31,TXN1020136,Starbucks,Dining,243.71,**** **** **** 3135
2023-12-30,2023-12-30,TXN5755579,Verizon,Utilities,484.78,**** **** **** 1305
2023-12-30,2023-12-31,TXN8264954,PG&E,Utilities,228.31,**** **** **** 7626
2023-12-31,2023-12-31,TXN9081054,Uber,Travel,305.23,**** **** **** 8723
2023-12-31,2024-01-01,TXN2054635,Walmart,Groceries,381.93,**** **** **** 4796
2023-12-31,2024-01-02,TXN8117053,Trader Joes,Groceries,37.41,**** **** **** 4492
